{
    "[-0.3807937752800603, 2.2525779378466027]": 446.09342424877053,
    "[-0.9632863465329868, 0.05351517260438721]": 80.31297587405963,
    "[0.24775296437797634, 2.3429540865491996]": 521.123208062738,
    "[0.532541871179478, 3.105631264778503]": 796.6040863664351,
    "[0.9949566924462867, -0.8944554964645453]": 355.0942193684159,
    "[2.13184524435522, -1.0246860764225314]": 3103.158651527704,
    "[2.3475165218197453, 1.2632706633123068]": 1805.9950779657172,
    "[3.1635366576083763, -0.35899322340167883]": 10752.06147962317,
    "[3.2310829998152624, 1.899902862281552]": 7298.128319273603,
    "[3.4297441452140456, -2.1811609792239572]": 19450.270306493094,
    "[3.9125033472909525, -0.1713870083281095]": 23968.64178229873,
    "[3.958720805951401, -2.265983892383247]": 32183.98074779885
}