{"fig": "wf-LINEAR_T2_RDM_2018-10-10_13:10:28.217832+00:00", "raw_rewards": [-0.9968382665359623, -0.5030017263210435, -0.4706789853113172, -0.27635219781152676, -0.2547368298782372, -0.609893170253446, -1.9552743079960988, -1.0076009434926991, -1.1034104035721928, -0.6271452814311036, -1.512115243478298, -0.6500617963422063, -2.0359536504172713, -1.0931874151846266, -1.093125707026067, -0.7146808163635335, -0.7744032370671439, -1.3214839766936324, -0.6559838192555273, -0.3765115198998651, -8.283535071277107, -0.5274482736442861, -0.23322269120426745, -0.4103089713399853, -0.9402859634636346, -0.433747645615272, -1.4951998827880992, -1.2304244994345517, -0.9243070216125011, -0.6376882426059306, -0.6448102032683211, -1.5215053607068376, -1.1847497936366755, -1.912937562296338, -1.9055173360462316, -0.5606055499717697, -0.621415994113151, -0.42561525331570715, -0.7222706399195374, -0.267920232694713, -0.3970954354348565, -1.0119868598413388, -1.5068995659378792, -0.29900147435054913, -0.2501519898627156, -0.2669756452231104, -1.013466070292478, -0.8164583918573028, -1.2741401154730765], "max_rewards": [-0.9968382665359623, -0.5030017263210435, -0.4706789853113172, -0.27635219781152676, -0.2547368298782372, -0.2547368298782372, -0.2547368298782372, -0.2547368298782372, -0.2547368298782372, -0.2547368298782372, -0.2547368298782372, -0.2547368298782372, -0.2547368298782372, -0.2547368298782372, -0.2547368298782372, -0.2547368298782372, -0.2547368298782372, -0.2547368298782372, -0.2547368298782372, -0.2547368298782372, -0.2547368298782372, -0.2547368298782372, -0.23322269120426745, -0.23322269120426745, -0.23322269120426745, -0.23322269120426745, -0.23322269120426745, -0.23322269120426745, -0.23322269120426745, -0.23322269120426745, -0.23322269120426745, -0.23322269120426745, -0.23322269120426745, -0.23322269120426745, -0.23322269120426745, -0.23322269120426745, -0.23322269120426745, -0.23322269120426745, -0.23322269120426745, -0.23322269120426745, -0.23322269120426745, -0.23322269120426745, -0.23322269120426745, -0.23322269120426745, -0.23322269120426745, -0.23322269120426745, -0.23322269120426745, -0.23322269120426745, -0.23322269120426745], "arch_seq": [[0.2857142857142857, 0.2857142857142857], [0.2857142857142857, 0.5714285714285714], [0.8571428571428571, 0.7142857142857143], [0.2857142857142857, 0.8571428571428571], [0.5714285714285714, 0.8571428571428571], [0.42857142857142855, 0.42857142857142855], [0.0, 0.14285714285714285], [0.14285714285714285, 0.42857142857142855], [0.8571428571428571, 0.0], [0.8571428571428571, 0.2857142857142857], [0.2857142857142857, 0.14285714285714285], [0.5714285714285714, 0.42857142857142855], [0.5714285714285714, 0.0], [0.0, 0.2857142857142857], [0.7142857142857143, 0.14285714285714285], [0.42857142857142855, 0.5714285714285714], [0.14285714285714285, 0.5714285714285714], [0.5714285714285714, 0.14285714285714285], [0.2857142857142857, 0.42857142857142855], [0.7142857142857143, 0.7142857142857143], [0.42857142857142855, 0.0], [0.8571428571428571, 0.5714285714285714], [0.14285714285714285, 0.8571428571428571], [0.0, 0.7142857142857143], [0.0, 0.5714285714285714], [0.5714285714285714, 0.7142857142857143], [0.0, 0.0], [0.42857142857142855, 0.2857142857142857], [0.8571428571428571, 0.42857142857142855], [0.7142857142857143, 0.5714285714285714], [0.7142857142857143, 0.42857142857142855], [0.14285714285714285, 0.14285714285714285], [0.2857142857142857, 0.0], [0.14285714285714285, 0.0], [0.8571428571428571, 0.14285714285714285], [0.14285714285714285, 0.7142857142857143], [0.5714285714285714, 0.5714285714285714], [0.2857142857142857, 0.7142857142857143], [0.14285714285714285, 0.2857142857142857], [0.0, 0.8571428571428571], [0.42857142857142855, 0.7142857142857143], [0.42857142857142855, 0.14285714285714285], [0.7142857142857143, 0.0], [0.8571428571428571, 0.8571428571428571], [0.7142857142857143, 0.8571428571428571], [0.42857142857142855, 0.8571428571428571], [0.0, 0.42857142857142855], [0.5714285714285714, 0.2857142857142857], [0.7142857142857143, 0.2857142857142857]], "id_worker": [251, 249, 245, 244, 235, 229, 227, 225, 205, 188, 185, 176, 157, 149, 124, 250, 248, 243, 221, 217, 204, 194, 190, 181, 148, 101, 87, 226, 206, 253, 239, 237, 236, 233, 232, 231, 219, 214, 201, 241, 163, 252, 238, 234, 210, 240, 212, 208, 203]}