{"fig": "wf-LINEAR_T2_PPO_1_1_2018-10-10_13:11:02.259360+00:00", "raw_rewards": [-8.282128388972838, -0.4686167867107627, -0.6874482924952571, -0.9074380292049915, -8.283486457544582, -0.35789751542639187, -0.685551266498983, -8.283000773774058, -8.283545042260997, -0.9019622450317588, -0.2643230509586418, -2.8676968374187113, -0.6669316676608976, -1.2477613287735683, -0.6601568545591434, -0.27757772898567035, -2.8939408345476694, -0.29400780773710494, -0.9468998868816385, -0.3363051471699016, -0.6996255334349271, -0.9314093335634502, -0.7153930533834515, -0.7111642789874145, -0.3224917530322925, -1.254709243684037, -1.992603793073145, -0.27790894179334946, -0.3364508154550656, -0.3393458005991659, -0.3257715914137214, -1.5482222515730333, -0.6067524320450234, -1.499962972050683, -1.414753000066261, -0.9036753173651141, -0.4813797951429586, -0.4659338722213335, -0.5488055510458132, -1.1776209712434655, -1.4681390722220609, -1.169225033033945, -0.26386796672665425, -0.8026154858510699, -0.642611159432053, -0.26842953538818803, -0.9001769697241351, -2.7325793837075216, -1.9863667346957288], "max_rewards": [-8.282128388972838, -0.4686167867107627, -0.4686167867107627, -0.4686167867107627, -0.4686167867107627, -0.35789751542639187, -0.35789751542639187, -0.35789751542639187, -0.35789751542639187, -0.35789751542639187, -0.2643230509586418, -0.2643230509586418, -0.2643230509586418, -0.2643230509586418, -0.2643230509586418, -0.2643230509586418, -0.2643230509586418, -0.2643230509586418, -0.2643230509586418, -0.2643230509586418, -0.2643230509586418, -0.2643230509586418, -0.2643230509586418, -0.2643230509586418, -0.2643230509586418, -0.2643230509586418, -0.2643230509586418, -0.2643230509586418, -0.2643230509586418, -0.2643230509586418, -0.2643230509586418, -0.2643230509586418, -0.2643230509586418, -0.2643230509586418, -0.2643230509586418, -0.2643230509586418, -0.2643230509586418, -0.2643230509586418, -0.2643230509586418, -0.2643230509586418, -0.2643230509586418, -0.2643230509586418, -0.26386796672665425, -0.26386796672665425, -0.26386796672665425, -0.26386796672665425, -0.26386796672665425, -0.26386796672665425, -0.26386796672665425], "arch_seq": [[0.2857142857142857, 0.14285714285714285], [0.5714285714285714, 0.7142857142857143], [0.42857142857142855, 0.42857142857142855], [0.2857142857142857, 0.5714285714285714], [0.42857142857142855, 0.0], [0.42857142857142855, 0.7142857142857143], [0.0, 0.5714285714285714], [0.8571428571428571, 0.0], [0.5714285714285714, 0.0], [0.14285714285714285, 0.5714285714285714], [0.2857142857142857, 0.8571428571428571], [0.7142857142857143, 0.14285714285714285], [0.2857142857142857, 0.2857142857142857], [0.5714285714285714, 0.14285714285714285], [0.42857142857142855, 0.5714285714285714], [0.5714285714285714, 0.8571428571428571], [0.2857142857142857, 0.0], [0.42857142857142855, 0.8571428571428571], [0.0, 0.14285714285714285], [0.14285714285714285, 0.7142857142857143], [0.8571428571428571, 0.5714285714285714], [0.14285714285714285, 0.2857142857142857], [0.5714285714285714, 0.5714285714285714], [0.0, 0.42857142857142855], [0.0, 0.8571428571428571], [0.0, 0.2857142857142857], [0.42857142857142855, 0.14285714285714285], [0.8571428571428571, 0.8571428571428571], [0.8571428571428571, 0.7142857142857143], [0.2857142857142857, 0.7142857142857143], [0.0, 0.7142857142857143], [0.14285714285714285, 0.14285714285714285], [0.8571428571428571, 0.42857142857142855], [0.8571428571428571, 0.14285714285714285], [0.7142857142857143, 0.0], [0.7142857142857143, 0.2857142857142857], [0.7142857142857143, 0.7142857142857143], [0.7142857142857143, 0.42857142857142855], [0.7142857142857143, 0.5714285714285714], [0.5714285714285714, 0.2857142857142857], [0.8571428571428571, 0.2857142857142857], [0.42857142857142855, 0.2857142857142857], [0.7142857142857143, 0.8571428571428571], [0.2857142857142857, 0.42857142857142855], [0.5714285714285714, 0.42857142857142855], [0.14285714285714285, 0.8571428571428571], [0.14285714285714285, 0.42857142857142855], [0.14285714285714285, 0.0], [0.0, 0.0]], "id_worker": [251, 248, 246, 245, 242, 221, 219, 211, 210, 208, 180, 126, 121, 108, 253, 252, 250, 249, 247, 243, 240, 239, 238, 237, 236, 235, 233, 232, 231, 229, 227, 207, 206, 204, 197, 193, 179, 149, 142, 139, 114, 38, 0, 234, 226, 224, 168, 166, 156]}